std Years = 1991-2020,,,,,,,
DOY,   Average Extent,   Std Deviation,      10th,      25th,      50th,      75th,      90th
1,13.37,0.458,12.879,13.053,13.28,13.655,14.038
2,13.421,0.469,12.904,13.109,13.309,13.814,14.098
3,13.456,0.48,12.912,13.13,13.336,13.845,14.152
4,13.5,0.453,13.036,13.2,13.364,13.863,14.177
5,13.545,0.448,13.054,13.169,13.4,13.886,14.218
6,13.586,0.465,13.117,13.213,13.453,14.023,14.255
7,13.642,0.476,13.164,13.253,13.505,14.069,14.308
8,13.67,0.496,13.155,13.25,13.565,14.086,14.324
9,13.716,0.488,13.183,13.303,13.643,14.088,14.399
10,13.746,0.483,13.212,13.39,13.711,14.137,14.466
11,13.804,0.473,13.226,13.474,13.763,14.216,14.471
12,13.83,0.494,13.283,13.453,13.835,14.262,14.486
13,13.88,0.494,13.338,13.468,13.87,14.332,14.546
14,13.921,0.506,13.436,13.522,13.874,14.344,14.62
15,13.953,0.498,13.488,13.576,13.914,14.375,14.573
16,14.003,0.49,13.503,13.626,13.979,14.39,14.598
17,14.042,0.508,13.478,13.701,13.995,14.416,14.694
18,14.072,0.523,13.486,13.715,14.031,14.441,14.681
19,14.132,0.512,13.61,13.723,14.1,14.536,14.752
20,14.171,0.524,13.587,13.778,14.101,14.573,14.806
21,14.181,0.524,13.571,13.792,14.119,14.637,14.837
22,14.22,0.513,13.652,13.867,14.213,14.625,14.909
23,14.269,0.498,13.656,13.882,14.259,14.62,14.935
24,14.309,0.491,13.738,13.949,14.253,14.696,14.95
25,14.339,0.5,13.75,13.971,14.224,14.713,14.923
26,14.355,0.515,13.762,13.945,14.265,14.744,15.014
27,14.395,0.528,13.806,13.993,14.313,14.782,15.108
28,14.441,0.533,13.843,14.052,14.317,14.841,15.216
29,14.458,0.532,13.899,14.044,14.337,14.8,15.2
30,14.488,0.532,13.886,14.063,14.331,14.863,15.209
31,14.522,0.525,13.951,14.086,14.403,14.938,15.273
32,14.58,0.523,14.021,14.14,14.44,14.98,15.41
33,14.611,0.517,14.013,14.171,14.497,14.958,15.39
34,14.627,0.523,14.021,14.183,14.514,15.012,15.4
35,14.64,0.524,14.026,14.199,14.511,15.067,15.399
36,14.669,0.521,14.091,14.238,14.555,15.086,15.376
37,14.689,0.531,14.081,14.257,14.613,15.111,15.484
38,14.717,0.542,14.106,14.254,14.733,15.174,15.449
39,14.762,0.53,14.172,14.32,14.774,15.194,15.434
40,14.786,0.524,14.248,14.342,14.833,15.227,15.433
41,14.796,0.541,14.24,14.349,14.84,15.204,15.459
42,14.797,0.541,14.164,14.384,14.817,15.211,15.469
43,14.818,0.519,14.211,14.437,14.855,15.22,15.43
44,14.854,0.504,14.275,14.477,14.883,15.259,15.504
45,14.876,0.497,14.348,14.5,14.839,15.304,15.516
46,14.9,0.488,14.368,14.499,14.827,15.352,15.5
47,14.912,0.49,14.385,14.494,14.859,15.359,15.574
48,14.943,0.509,14.349,14.479,14.95,15.379,15.57
49,14.948,0.527,14.343,14.506,14.925,15.401,15.586
50,14.96,0.527,14.324,14.524,14.89,15.456,15.543
51,14.984,0.523,14.303,14.59,14.9,15.475,15.574
52,15.013,0.52,14.338,14.602,14.971,15.478,15.571
53,15.027,0.514,14.401,14.621,15.051,15.453,15.601
54,15.031,0.504,14.398,14.603,15.013,15.457,15.605
55,15.034,0.506,14.37,14.607,15.078,15.44,15.586
56,15.027,0.495,14.356,14.593,15.115,15.438,15.559
57,15.039,0.481,14.398,14.652,15.14,15.482,15.537
58,15.055,0.486,14.416,14.657,15.138,15.489,15.612
59,15.082,0.47,14.421,14.66,15.153,15.494,15.639
60,15.117,0.277,14.852,15.008,15.192,15.253,15.392
61,15.088,0.461,14.433,14.642,15.156,15.477,15.641
62,15.093,0.475,14.421,14.662,15.183,15.493,15.65
63,15.085,0.463,14.44,14.702,15.154,15.436,15.707
64,15.074,0.455,14.401,14.716,15.168,15.39,15.713
65,15.082,0.453,14.436,14.698,15.233,15.357,15.644
66,15.089,0.452,14.411,14.706,15.214,15.42,15.579
67,15.075,0.443,14.4,14.733,15.172,15.386,15.548
68,15.084,0.46,14.39,14.684,15.165,15.419,15.56
69,15.104,0.454,14.384,14.797,15.23,15.374,15.596
70,15.087,0.445,14.35,14.787,15.205,15.343,15.543
71,15.108,0.435,14.407,14.83,15.182,15.386,15.584
72,15.092,0.431,14.393,14.802,15.145,15.401,15.573
73,15.088,0.445,14.431,14.827,15.152,15.451,15.56
74,15.073,0.446,14.466,14.76,15.112,15.449,15.614
75,15.071,0.438,14.474,14.71,15.127,15.454,15.613
76,15.063,0.436,14.455,14.699,15.128,15.43,15.562
77,15.062,0.438,14.451,14.687,15.139,15.4,15.563
78,15.043,0.451,14.393,14.615,15.102,15.404,15.598
79,15.019,0.46,14.395,14.537,15.103,15.452,15.579
80,15.017,0.465,14.361,14.53,15.067,15.406,15.622
81,15.003,0.46,14.401,14.564,15.038,15.387,15.524
82,14.983,0.454,14.415,14.552,15.055,15.378,15.548
83,14.968,0.476,14.393,14.503,15.043,15.334,15.517
84,14.962,0.5,14.371,14.446,15.07,15.354,15.564
85,14.949,0.5,14.352,14.445,15.034,15.38,15.572
86,14.958,0.497,14.271,14.433,15.065,15.404,15.556
87,14.937,0.479,14.321,14.431,15.048,15.304,15.553
88,14.909,0.488,14.278,14.369,15.014,15.263,15.543
89,14.903,0.501,14.235,14.37,14.99,15.282,15.511
90,14.898,0.51,14.213,14.416,14.974,15.338,15.437
91,14.879,0.514,14.18,14.325,14.931,15.35,15.454
92,14.825,0.5,14.159,14.3,14.856,15.229,15.471
93,14.792,0.482,14.126,14.301,14.752,15.204,15.435
94,14.753,0.491,14.07,14.268,14.751,15.146,15.413
95,14.714,0.486,14.052,14.251,14.738,15.086,15.367
96,14.686,0.485,14.02,14.288,14.708,15.05,15.372
97,14.658,0.506,13.989,14.275,14.703,15.046,15.342
98,14.619,0.505,13.978,14.197,14.703,14.979,15.269
99,14.586,0.51,13.949,14.169,14.646,14.956,15.265
100,14.548,0.509,13.897,14.111,14.645,14.908,15.202
101,14.515,0.494,13.85,14.089,14.616,14.847,15.122
102,14.472,0.491,13.877,14.097,14.585,14.744,15.07
103,14.43,0.483,13.848,13.978,14.546,14.713,15.008
104,14.411,0.487,13.824,13.973,14.498,14.692,15.013
105,14.374,0.478,13.76,13.943,14.428,14.681,14.963
106,14.338,0.475,13.725,13.961,14.386,14.665,14.872
107,14.293,0.477,13.653,13.973,14.343,14.636,14.826
108,14.263,0.476,13.729,13.908,14.29,14.643,14.815
109,14.215,0.478,13.67,13.852,14.212,14.592,14.808
110,14.185,0.455,13.588,13.822,14.183,14.559,14.756
111,14.167,0.443,13.588,13.831,14.174,14.569,14.746
112,14.15,0.446,13.56,13.815,14.153,14.535,14.712
113,14.11,0.452,13.49,13.79,14.126,14.503,14.656
114,14.081,0.449,13.441,13.803,14.081,14.481,14.641
115,14.038,0.449,13.457,13.646,14.03,14.438,14.602
116,13.994,0.449,13.411,13.607,13.988,14.348,14.578
117,13.943,0.448,13.429,13.556,13.948,14.277,14.527
118,13.905,0.44,13.381,13.522,13.892,14.285,14.497
119,13.851,0.436,13.255,13.45,13.847,14.177,14.401
120,13.807,0.425,13.248,13.443,13.787,14.126,14.366
121,13.744,0.422,13.249,13.358,13.707,14.069,14.3
122,13.594,0.436,13.084,13.24,13.569,13.934,14.159
123,13.554,0.448,13.011,13.168,13.54,13.888,14.17
124,13.513,0.439,12.939,13.156,13.54,13.824,14.151
125,13.473,0.454,12.873,13.146,13.487,13.831,14.103
126,13.425,0.45,12.828,13.091,13.431,13.77,14.092
127,13.383,0.455,12.822,13.06,13.394,13.726,14.045
128,13.34,0.458,12.762,13.009,13.36,13.677,14.009
129,13.302,0.47,12.747,12.961,13.325,13.579,13.95
130,13.254,0.463,12.696,12.928,13.303,13.488,13.916
131,13.215,0.476,12.661,12.916,13.236,13.489,13.911
132,13.165,0.469,12.657,12.878,13.181,13.44,13.873
133,13.126,0.476,12.606,12.784,13.174,13.378,13.829
134,13.075,0.482,12.533,12.736,13.114,13.32,13.75
135,13.034,0.482,12.504,12.685,13.085,13.281,13.714
136,12.977,0.477,12.35,12.669,13.037,13.207,13.658
137,12.926,0.459,12.301,12.587,13.027,13.148,13.541
138,12.883,0.463,12.23,12.594,12.966,13.088,13.509
139,12.833,0.461,12.14,12.538,12.929,13.061,13.428
140,12.788,0.453,12.121,12.52,12.871,13.022,13.358
141,12.742,0.452,12.165,12.519,12.791,13.038,13.32
142,12.689,0.446,12.099,12.434,12.726,12.992,13.269
143,12.639,0.441,11.987,12.39,12.663,12.93,13.201
144,12.599,0.448,11.928,12.359,12.64,12.902,13.204
145,12.55,0.456,11.898,12.286,12.591,12.864,13.148
146,12.51,0.453,11.873,12.258,12.544,12.838,13.123
147,12.469,0.461,11.836,12.2,12.493,12.8,13.063
148,12.438,0.465,11.802,12.141,12.465,12.735,13.01
149,12.399,0.472,11.752,12.124,12.415,12.723,12.968
150,12.355,0.471,11.688,12.059,12.385,12.663,12.917
151,12.311,0.472,11.609,12.036,12.322,12.626,12.89
152,12.256,0.467,11.601,11.99,12.252,12.544,12.839
153,12.107,0.454,11.439,11.839,12.125,12.42,12.676
154,12.066,0.453,11.436,11.792,12.045,12.409,12.649
155,12.02,0.447,11.41,11.745,11.983,12.377,12.594
156,11.974,0.46,11.359,11.661,11.98,12.353,12.577
157,11.922,0.458,11.288,11.624,11.884,12.276,12.469
158,11.863,0.47,11.22,11.532,11.838,12.243,12.426
159,11.813,0.465,11.166,11.468,11.786,12.206,12.39
160,11.761,0.473,11.098,11.35,11.817,12.177,12.382
161,11.712,0.477,11.067,11.302,11.728,12.168,12.305
162,11.655,0.485,11.036,11.237,11.719,12.102,12.299
163,11.618,0.492,10.945,11.176,11.657,12.026,12.256
164,11.571,0.501,10.899,11.09,11.638,11.993,12.241
165,11.512,0.494,10.883,11.001,11.572,11.905,12.189
166,11.454,0.505,10.807,10.94,11.523,11.847,12.141
167,11.387,0.504,10.741,10.878,11.48,11.78,12.071
168,11.318,0.52,10.684,10.817,11.375,11.741,11.978
169,11.257,0.518,10.587,10.744,11.337,11.661,11.923
170,11.195,0.526,10.449,10.774,11.29,11.596,11.902
171,11.131,0.53,10.424,10.705,11.203,11.537,11.838
172,11.065,0.558,10.314,10.679,11.169,11.448,11.792
173,10.985,0.562,10.297,10.557,11.049,11.36,11.756
174,10.915,0.584,10.185,10.481,10.956,11.335,11.701
175,10.847,0.596,10.092,10.399,10.839,11.287,11.716
176,10.761,0.609,9.937,10.291,10.76,11.211,11.631
177,10.698,0.622,9.93,10.238,10.687,11.144,11.519
178,10.629,0.624,9.881,10.136,10.597,11.034,11.462
179,10.544,0.645,9.727,10.029,10.452,11.014,11.433
180,10.448,0.673,9.645,9.855,10.364,10.93,11.364
181,10.366,0.687,9.553,9.696,10.299,10.846,11.321
182,10.297,0.686,9.436,9.668,10.254,10.799,11.237
183,10.062,0.701,9.22,9.401,10.013,10.619,11.002
184,9.99,0.716,9.142,9.289,9.925,10.553,10.897
185,9.916,0.721,9.027,9.161,9.841,10.509,10.805
186,9.837,0.745,8.952,9.075,9.74,10.45,10.739
187,9.742,0.759,8.86,9.023,9.657,10.357,10.609
188,9.647,0.761,8.767,8.908,9.611,10.302,10.459
189,9.551,0.762,8.677,8.808,9.449,10.197,10.391
190,9.477,0.784,8.523,8.728,9.403,10.095,10.316
191,9.394,0.806,8.358,8.67,9.331,10.03,10.285
192,9.296,0.804,8.241,8.612,9.256,9.938,10.128
193,9.205,0.816,8.135,8.497,9.189,9.756,10.107
194,9.107,0.824,7.958,8.38,9.145,9.723,9.98
195,8.992,0.845,7.912,8.286,9.051,9.654,9.823
196,8.913,0.846,7.86,8.201,9.013,9.528,9.742
197,8.818,0.845,7.702,8.104,8.812,9.481,9.661
198,8.732,0.852,7.62,8.009,8.722,9.392,9.654
199,8.641,0.864,7.478,7.888,8.652,9.315,9.511
200,8.545,0.872,7.408,7.839,8.528,9.208,9.46
201,8.464,0.883,7.341,7.784,8.484,9.151,9.397
202,8.383,0.882,7.326,7.728,8.35,9.081,9.39
203,8.268,0.887,7.274,7.549,8.126,9.035,9.347
204,8.186,0.89,7.17,7.49,8.04,8.948,9.181
205,8.099,0.888,7.106,7.355,7.951,8.866,9.114
206,8.026,0.892,7.024,7.287,7.913,8.808,9.053
207,7.945,0.88,6.929,7.256,7.766,8.752,8.968
208,7.873,0.878,6.809,7.164,7.727,8.641,8.925
209,7.793,0.879,6.774,7.107,7.696,8.526,8.81
210,7.716,0.875,6.707,7.053,7.586,8.457,8.653
211,7.632,0.871,6.686,6.955,7.491,8.354,8.652
212,7.545,0.874,6.631,6.804,7.4,8.245,8.577
213,7.475,0.863,6.562,6.731,7.346,8.128,8.52
214,7.37,0.86,6.44,6.585,7.264,8.06,8.401
215,7.287,0.859,6.322,6.576,7.165,7.974,8.33
216,7.213,0.878,6.185,6.467,7.124,7.884,8.306
217,7.166,0.872,6.179,6.446,7.064,7.786,8.264
218,7.092,0.891,6.038,6.334,6.967,7.786,8.154
219,7.019,0.92,5.906,6.219,6.875,7.784,8.084
220,6.93,0.921,5.865,6.116,6.801,7.72,8.011
221,6.87,0.925,5.799,6.048,6.798,7.712,7.942
222,6.8,0.934,5.725,6.015,6.679,7.716,7.873
223,6.718,0.935,5.599,5.901,6.614,7.616,7.795
224,6.661,0.933,5.566,5.855,6.581,7.561,7.726
225,6.61,0.944,5.507,5.841,6.526,7.49,7.714
226,6.546,0.944,5.447,5.747,6.495,7.424,7.632
227,6.478,0.957,5.367,5.665,6.445,7.343,7.548
228,6.424,0.963,5.313,5.568,6.421,7.309,7.478
229,6.362,0.972,5.227,5.492,6.36,7.238,7.475
230,6.32,0.975,5.153,5.471,6.301,7.198,7.432
231,6.264,0.983,5.052,5.429,6.256,7.173,7.388
232,6.21,1.001,5.027,5.389,6.141,7.089,7.359
233,6.152,0.996,4.954,5.297,6.079,7.025,7.334
234,6.105,0.996,4.905,5.274,6.078,6.975,7.234
235,6.065,1.005,4.874,5.206,6.095,6.895,7.236
236,6.016,1.005,4.847,5.153,6.063,6.811,7.203
237,5.96,1.006,4.817,5.061,6.037,6.791,7.12
238,5.921,1.022,4.772,5.03,5.98,6.796,7.164
239,5.877,1.008,4.695,4.983,5.971,6.69,7.048
240,5.837,1.019,4.595,4.997,5.918,6.613,7.007
241,5.804,1.019,4.631,4.985,5.92,6.52,7.045
242,5.764,1.015,4.626,4.961,5.857,6.527,6.987
243,5.724,1.018,4.569,4.892,5.803,6.463,7.004
244,5.683,1.025,4.498,4.873,5.753,6.436,6.907
245,5.629,1.024,4.431,4.81,5.741,6.332,6.817
246,5.608,1.028,4.418,4.741,5.721,6.321,6.829
247,5.589,1.024,4.354,4.762,5.695,6.291,6.82
248,5.556,1.037,4.321,4.721,5.677,6.259,6.811
249,5.532,1.038,4.338,4.708,5.647,6.255,6.797
250,5.508,1.034,4.282,4.693,5.674,6.174,6.767
251,5.49,1.035,4.262,4.667,5.642,6.148,6.757
252,5.476,1.039,4.28,4.642,5.651,6.159,6.744
253,5.476,1.039,4.264,4.657,5.631,6.189,6.751
254,5.462,1.038,4.245,4.619,5.634,6.181,6.725
255,5.456,1.041,4.236,4.604,5.62,6.194,6.729
256,5.447,1.044,4.268,4.597,5.588,6.177,6.694
257,5.451,1.05,4.264,4.607,5.569,6.147,6.712
258,5.456,1.051,4.208,4.618,5.569,6.155,6.715
259,5.459,1.06,4.184,4.623,5.566,6.158,6.713
260,5.453,1.07,4.199,4.63,5.551,6.176,6.703
261,5.461,1.063,4.184,4.606,5.505,6.264,6.689
262,5.475,1.068,4.165,4.596,5.475,6.294,6.692
263,5.498,1.075,4.239,4.597,5.51,6.323,6.675
264,5.538,1.082,4.246,4.609,5.555,6.353,6.685
265,5.571,1.086,4.295,4.639,5.576,6.337,6.713
266,5.589,1.079,4.29,4.668,5.564,6.375,6.753
267,5.627,1.076,4.341,4.729,5.585,6.437,6.734
268,5.669,1.085,4.387,4.812,5.614,6.517,6.796
269,5.71,1.081,4.444,4.849,5.626,6.552,6.794
270,5.764,1.087,4.498,4.937,5.647,6.529,6.836
271,5.816,1.095,4.535,4.957,5.682,6.582,6.948
272,5.863,1.101,4.567,5.028,5.702,6.66,7.01
273,5.91,1.119,4.575,5.069,5.713,6.776,7.091
274,5.969,1.113,4.631,5.157,5.776,6.837,7.152
275,6.13,1.118,4.807,5.305,5.928,7.012,7.324
276,6.193,1.137,4.859,5.338,6.019,7.079,7.46
277,6.254,1.155,4.848,5.327,6.095,7.147,7.612
278,6.322,1.168,4.875,5.407,6.117,7.234,7.704
279,6.411,1.201,4.89,5.536,6.224,7.393,7.795
280,6.485,1.219,4.907,5.611,6.29,7.431,7.888
281,6.571,1.226,4.953,5.743,6.389,7.567,8.068
282,6.654,1.232,5.036,5.911,6.451,7.718,8.118
283,6.746,1.238,5.104,5.982,6.549,7.834,8.192
284,6.833,1.235,5.191,6.146,6.598,7.923,8.281
285,6.93,1.232,5.243,6.224,6.696,7.997,8.381
286,7.038,1.251,5.276,6.314,6.819,8.138,8.472
287,7.14,1.256,5.321,6.409,7.058,8.161,8.501
288,7.255,1.242,5.417,6.52,7.345,8.302,8.642
289,7.359,1.215,5.647,6.604,7.463,8.265,8.809
290,7.465,1.204,5.853,6.732,7.636,8.383,8.878
291,7.569,1.192,5.934,6.874,7.767,8.519,8.932
292,7.69,1.185,6.006,7.048,7.861,8.641,9.066
293,7.786,1.16,6.143,7.177,7.944,8.627,9.089
294,7.878,1.142,6.277,7.279,8.063,8.712,9.198
295,7.987,1.118,6.482,7.39,8.154,8.805,9.262
296,8.113,1.091,6.636,7.536,8.297,8.943,9.322
297,8.222,1.08,6.762,7.592,8.436,9.05,9.379
298,8.333,1.059,6.984,7.623,8.613,9.11,9.532
299,8.426,1.024,7.188,7.652,8.695,9.183,9.601
300,8.51,0.981,7.344,7.827,8.766,9.237,9.622
301,8.616,0.951,7.406,8.001,8.842,9.326,9.685
302,8.71,0.93,7.478,8.102,8.937,9.397,9.746
303,8.796,0.906,7.618,8.134,9.031,9.437,9.821
304,8.882,0.884,7.787,8.251,9.049,9.52,9.87
305,8.986,0.859,7.904,8.409,9.118,9.634,9.943
306,9.13,0.833,8.064,8.581,9.235,9.774,10.116
307,9.227,0.799,8.179,8.74,9.312,9.788,10.239
308,9.311,0.759,8.289,8.828,9.423,9.802,10.212
309,9.381,0.737,8.375,8.915,9.518,9.881,10.216
310,9.444,0.709,8.544,8.935,9.529,9.97,10.242
311,9.503,0.7,8.657,9.013,9.567,9.996,10.275
312,9.569,0.688,8.682,9.109,9.61,10.079,10.33
313,9.634,0.683,8.738,9.151,9.649,10.134,10.439
314,9.715,0.654,8.818,9.246,9.696,10.169,10.544
315,9.778,0.651,8.871,9.327,9.769,10.263,10.633
316,9.835,0.635,8.984,9.424,9.811,10.305,10.672
317,9.907,0.642,9.16,9.503,9.893,10.383,10.741
318,9.974,0.663,9.234,9.533,10.003,10.458,10.943
319,10.033,0.649,9.359,9.604,10.04,10.464,10.931
320,10.099,0.638,9.411,9.715,10.084,10.548,10.877
321,10.171,0.636,9.427,9.747,10.167,10.558,10.957
322,10.229,0.653,9.462,9.866,10.223,10.583,10.975
323,10.287,0.669,9.611,9.908,10.276,10.687,11.056
324,10.361,0.675,9.742,9.98,10.322,10.754,11.096
325,10.421,0.675,9.757,10.009,10.369,10.797,11.155
326,10.487,0.656,9.804,10.017,10.458,10.861,11.225
327,10.552,0.637,9.859,10.086,10.619,10.934,11.31
328,10.631,0.624,9.985,10.185,10.646,10.982,11.405
329,10.716,0.634,9.994,10.284,10.718,11.061,11.52
330,10.791,0.636,10.058,10.388,10.794,11.115,11.628
331,10.885,0.633,10.144,10.508,10.921,11.205,11.699
332,10.954,0.64,10.128,10.528,10.967,11.308,11.694
333,11.026,0.647,10.247,10.664,11.045,11.328,11.851
334,11.098,0.63,10.379,10.794,11.138,11.38,11.871
335,11.166,0.619,10.402,10.816,11.164,11.456,11.986
336,11.367,0.634,10.524,10.947,11.38,11.695,12.253
337,11.443,0.632,10.614,10.979,11.436,11.775,12.341
338,11.522,0.609,10.76,11.092,11.57,11.851,12.376
339,11.611,0.624,10.901,11.171,11.678,11.971,12.448
340,11.685,0.607,10.99,11.28,11.703,12.029,12.502
341,11.767,0.597,11.12,11.343,11.735,12.109,12.527
342,11.835,0.579,11.231,11.381,11.769,12.215,12.538
343,11.913,0.592,11.333,11.524,11.826,12.302,12.737
344,11.992,0.566,11.486,11.584,11.923,12.362,12.761
345,12.069,0.543,11.536,11.688,12.005,12.353,12.748
346,12.155,0.539,11.642,11.744,12.171,12.5,12.814
347,12.201,0.511,11.669,11.799,12.164,12.553,12.746
348,12.262,0.487,11.768,11.857,12.24,12.58,12.831
349,12.331,0.476,11.827,11.917,12.263,12.581,12.916
350,12.407,0.481,11.87,12.008,12.376,12.698,12.997
351,12.469,0.493,11.903,12.02,12.401,12.736,13.062
352,12.517,0.49,11.967,12.043,12.435,12.871,13.124
353,12.591,0.505,12.043,12.19,12.493,12.928,13.198
354,12.646,0.498,12.072,12.271,12.516,12.989,13.28
355,12.688,0.504,12.09,12.307,12.586,13.054,13.366
356,12.74,0.499,12.154,12.384,12.637,13.114,13.357
357,12.801,0.494,12.263,12.428,12.686,13.196,13.427
358,12.846,0.512,12.299,12.438,12.719,13.274,13.461
359,12.919,0.505,12.341,12.532,12.839,13.306,13.6
360,12.969,0.504,12.307,12.622,12.811,13.412,13.66
361,13.011,0.507,12.336,12.652,12.906,13.418,13.699
362,13.056,0.49,12.355,12.7,12.957,13.413,13.724
363,13.109,0.487,12.475,12.832,12.982,13.512,13.801
364,13.165,0.491,12.525,12.904,13.043,13.585,13.846
365,13.21,0.494,12.612,12.876,13.094,13.649,13.921
366,13.233,0.483,12.637,12.892,13.069,13.62,13.943